Image ID,Model,correctly_detect,true_class
36110689_9cbbccb36a_z_degraded.jpg,0.47032594680786133,1,dog
2788056049_b71f8998c7_z_degraded.jpg,0.3282787799835205,0,bicycle
1240686712_fbccf26b7f_z_degraded.jpg,0.29684019088745117,1,cat
20646999908_c3400d3ef6_z_degraded.jpg,0.3091084957122803,0,dog
16599186017_25f46b7511_z_degraded.jpg,0.42661023139953613,1,cat
